Ancien nom;Nouveau nom
evenementiel-24.jpg;evenementiel_01.jpg
evenementiel-18.jpg;evenementiel_02.jpg
evenementiel-20.jpg;evenementiel_03.jpg
evenementiel-19.jpg;evenementiel_04.jpg
evenementiel-17.jpg;evenementiel_05.jpg
evenementiel-21.jpg;evenementiel_06.jpg
evenementiel-27.jpg;evenementiel_07.jpg
evenementiel-26.jpg;evenementiel_08.jpg
evenementiel-04.jpg;evenementiel_09.jpg
evenementiel-01.jpg;evenementiel_10.jpg
evenementiel-25.jpg;evenementiel_11.jpg
evenementiel-02.jpg;evenementiel_12.jpg
evenementiel-03.jpg;evenementiel_13.jpg
evenementiel-06.jpg;evenementiel_14.jpg
evenementiel-09.jpg;evenementiel_15.jpg
evenementiel-08.jpg;evenementiel_16.jpg
evenementiel-10.jpg;evenementiel_17.jpg
evenementiel-11.jpg;evenementiel_18.jpg
evenementiel-12.jpg;evenementiel_19.jpg
evenementiel-13.jpg;evenementiel_20.jpg
evenementiel-14.jpg;evenementiel_21.jpg
evenementiel-15.jpg;evenementiel_22.jpg
evenementiel-16.jpg;evenementiel_23.jpg
evenementiel-22.jpg;evenementiel_24.jpg
evenementiel-23.jpg;evenementiel_25.jpg
evenementiel-05.jpg;evenementiel_26.jpg
evenementiel-07.jpg;evenementiel_27.jpg
